player_name,team,playing_role,batting_style,bowling_style,description,image,matches_batted,innings,total_runs,batting_average,batting_strike_rate,boundary_percentage,matches_bowled,overs_bowled,runs_conceded,wickets,economy,bowling_average,bowling_strike_rate,avg_dot_ball_percentage
A Zampa,Australia,Bowler,,,,,1.0,1.0,0.0,0.0,0.0,0.0,2.0,8.0,58.0,3.0,7.25,19.33,16.0,27.085
AC Agar,Australia,Bowler,,,,,0.0,0.0,0.0,0.0,0.0,0.0,1.0,4.0,27.0,1.0,6.75,27.0,24.0,25.0
AJ Finch,Australia,Opener,,,,,3.0,3.0,107.0,53.5,110.31,50.47,0.0,0.0,0.0,0.0,0.0,0.0,0.0,0.0
DA Warner,Australia,Player,,,,,3.0,3.0,19.0,6.33,82.61,21.05,0.0,0.0,0.0,0.0,0.0,0.0,0.0,0.0
GJ Maxwell,Australia,Finisher,,,,,3.0,3.0,64.0,21.33,156.1,68.75,2.0,3.17,19.0,3.0,5.99,6.33,6.33,39.739999999999995
JR Hazlewood,Australia,Bowler,,,,,1.0,1.0,1.0,1.0,100.0,0.0,3.0,11.0,95.0,3.0,8.64,31.67,22.0,42.589999999999996
MA Starc,Australia,Bowler,,,,,1.0,1.0,4.0,4.0,57.14,0.0,3.0,12.0,107.0,3.0,8.92,35.67,24.0,33.333333333333336
MP Stoinis,Australia,Top/Middle Order Batter,,,,,3.0,3.0,101.0,50.5,177.19,69.31,3.0,7.0,61.0,1.0,8.71,61.0,42.0,18.05333333333333
MR Marsh,Australia,Batter,,,,,3.0,3.0,61.0,20.33,119.61,72.13,1.0,1.0,14.0,0.0,14.0,0.0,0.0,16.67
MS Wade,Australia,Player,,,,,2.0,2.0,9.0,9.0,128.57,44.44,0.0,0.0,0.0,0.0,0.0,0.0,0.0,0.0
PJ Cummins,Australia,Bowler,,,,,1.0,1.0,21.0,21.0,116.67,66.67,3.0,12.0,113.0,3.0,9.42,37.67,24.0,43.05666666666667
TH David,Australia,Player,,,,,2.0,2.0,26.0,26.0,144.44,53.85,0.0,0.0,0.0,0.0,0.0,0.0,0.0,0.0
Afif Hossain,Bangladesh,Batter,,,,,5.0,5.0,95.0,23.75,125.0,44.21,1.0,1.0,11.0,1.0,11.0,11.0,6.0,16.67
Ebadat Hossain,Bangladesh,Bowler,,,,,0.0,0.0,0.0,0.0,0.0,0.0,1.0,3.17,29.0,1.0,9.15,29.0,19.0,31.58
Hasan Mahmud,Bangladesh,Bowler,,,,,2.0,2.0,0.0,0.0,0.0,0.0,4.0,16.0,136.0,6.0,8.5,22.67,16.0,41.667500000000004
Liton Das,Bangladesh,Top/Middle Order Batter,,,,,5.0,5.0,127.0,31.75,142.7,58.27,0.0,0.0,0.0,0.0,0.0,0.0,0.0,0.0
Mehedi Hasan Miraz,Bangladesh,Player,,,,,1.0,1.0,11.0,11.0,84.62,0.0,1.0,3.0,32.0,0.0,10.67,0.0,0.0,22.22
Mosaddek Hossain,Bangladesh,Bowler,,,,,5.0,5.0,38.0,9.5,97.44,52.63,3.0,7.0,69.0,2.0,9.86,34.5,21.0,26.39
Mustafizur Rahman,Bangladesh,Bowler,,,,,2.0,2.0,9.0,9.0,225.0,66.67,5.0,20.0,113.0,3.0,5.65,37.67,40.0,40.0
Nasum Ahmed,Bangladesh,Bowler,,,,,1.0,1.0,7.0,7.0,116.67,57.14,1.0,4.0,16.0,1.0,4.0,16.0,24.0,50.0
Nazmul Hossain Shanto,Bangladesh,Opener,,,,,5.0,5.0,180.0,36.0,114.65,51.11,0.0,0.0,0.0,0.0,0.0,0.0,0.0,0.0
Nurul Hasan,Bangladesh,Player,,,,,5.0,5.0,41.0,13.67,97.62,34.15,0.0,0.0,0.0,0.0,0.0,0.0,0.0,0.0
Shakib Al Hasan,Bangladesh,Bowler,,,,,5.0,5.0,44.0,8.8,95.65,27.27,5.0,19.0,175.0,6.0,9.21,29.17,19.0,22.5
Shoriful Islam,Bangladesh,Player,,,,,0.0,0.0,0.0,0.0,0.0,0.0,1.0,4.0,57.0,0.0,14.25,0.0,0.0,29.17
Soumya Sarkar,Bangladesh,Bowler,,,,,4.0,4.0,49.0,12.25,125.64,61.22,1.0,3.0,29.0,1.0,9.67,29.0,18.0,27.78
Taskin Ahmed,Bangladesh,Bowler,,,,,4.0,4.0,23.0,7.67,76.67,60.87,5.0,18.0,132.0,8.0,7.33,16.5,13.5,57.224000000000004
Yasir Ali Chowdhury,Bangladesh,Player,,,,,3.0,3.0,5.0,2.5,55.56,0.0,0.0,0.0,0.0,0.0,0.0,0.0,0.0,0.0
AD Hales,England,Top/Middle Order Batter,,,,,5.0,5.0,193.0,48.25,155.65,67.36,0.0,0.0,0.0,0.0,0.0,0.0,0.0,0.0
AU Rashid,England,Bowler,,,,,0.0,0.0,0.0,0.0,0.0,0.0,5.0,20.0,115.0,4.0,5.75,28.75,30.0,34.166
BA Stokes,England,Top/Middle Order Batter,,,,,4.0,4.0,108.0,54.0,108.0,31.48,5.0,12.33,93.0,4.0,7.54,23.25,18.5,38.053999999999995
CJ Jordan,England,Bowler,,,,,0.0,0.0,0.0,0.0,0.0,0.0,2.0,8.0,71.0,5.0,8.88,14.2,9.6,33.33
CR Woakes,England,Bowler,,,,,1.0,1.0,5.0,5.0,166.67,80.0,5.0,16.0,151.0,4.0,9.44,37.75,24.0,28.056
DJ Malan,England,Player,,,,,2.0,2.0,38.0,38.0,100.0,21.05,0.0,0.0,0.0,0.0,0.0,0.0,0.0,0.0
HC Brook,England,Player,,,,,4.0,4.0,49.0,12.25,94.23,28.57,0.0,0.0,0.0,0.0,0.0,0.0,0.0,0.0
JC Buttler,England,Opener,,,,,5.0,5.0,207.0,69.0,150.0,62.8,0.0,0.0,0.0,0.0,0.0,0.0,0.0,0.0
LS Livingstone,England,Bowler,,,,,4.0,4.0,26.0,13.0,113.04,38.46,5.0,12.0,96.0,3.0,8.0,32.0,24.0,24.446
MA Wood,England,Bowler,,,,,0.0,0.0,0.0,0.0,0.0,0.0,3.0,10.0,88.0,7.0,8.8,12.57,8.57,43.053333333333335
MM Ali,England,Player,,,,,4.0,4.0,49.0,16.33,136.11,61.22,2.0,2.0,9.0,0.0,4.5,0.0,0.0,33.335
PD Salt,England,Player,,,,,1.0,1.0,10.0,10.0,111.11,80.0,0.0,0.0,0.0,0.0,0.0,0.0,0.0,0.0
SM Curran,England,Bowler,,,,,2.0,2.0,12.0,12.0,85.71,50.0,5.0,19.0,139.0,8.0,7.32,17.38,14.25,42.778
AR Patel,India,Bowler,,,,,3.0,3.0,9.0,4.5,100.0,44.44,5.0,13.33,116.0,3.0,8.7,38.67,26.67,33.832
Arshdeep Singh,India,Bowler,,,,,1.0,1.0,2.0,2.0,200.0,0.0,6.0,20.0,161.0,10.0,8.05,16.1,12.0,43.75
B Kumar,India,Bowler,,,,,1.0,1.0,4.0,4.0,66.67,0.0,6.0,18.67,119.0,4.0,6.37,29.75,28.0,57.24
DJ Hooda,India,Player,,,,,1.0,1.0,0.0,0.0,0.0,0.0,0.0,0.0,0.0,0.0,0.0,0.0,0.0,0.0
HH Pandya,India,All-rounder,,,,,5.0,5.0,128.0,25.6,131.96,54.69,6.0,18.0,152.0,8.0,8.44,19.0,13.5,34.26
KD Karthik,India,Player,,,,,3.0,3.0,14.0,7.0,63.64,28.57,0.0,0.0,0.0,0.0,0.0,0.0,0.0,0.0
KL Rahul,India,Opener,,,,,6.0,6.0,128.0,21.33,120.75,62.5,0.0,0.0,0.0,0.0,0.0,0.0,0.0,0.0
Mohammed Shami,India,Bowler,,,,,1.0,1.0,0.0,0.0,0.0,0.0,6.0,20.0,144.0,6.0,7.2,24.0,20.0,49.074999999999996
R Ashwin,India,Bowler,,,,,3.0,3.0,21.0,21.0,116.67,47.62,6.0,19.0,157.0,6.0,8.26,26.17,19.0,31.48166666666667
RG Sharma,India,Opener,,,,,6.0,6.0,116.0,19.33,106.42,58.62,0.0,0.0,0.0,0.0,0.0,0.0,0.0,0.0
RR Pant,India,Player,,,,,2.0,2.0,9.0,4.5,100.0,44.44,0.0,0.0,0.0,0.0,0.0,0.0,0.0,0.0
SA Yadav,India,Top/Middle Order Batter,,,,,6.0,6.0,239.0,59.75,189.68,66.11,0.0,0.0,0.0,0.0,0.0,0.0,0.0,0.0
V Kohli,India,Top/Middle Order Batter,,,,,6.0,6.0,296.0,98.67,136.41,50.0,0.0,0.0,0.0,0.0,0.0,0.0,0.0,0.0
A Balbirnie,Ireland,Top/Middle Order Batter,,,,,7.0,7.0,153.0,21.86,124.39,61.44,0.0,0.0,0.0,0.0,0.0,0.0,0.0,0.0
BJ McCarthy,Ireland,Bowler,,,,,5.0,5.0,36.0,18.0,109.09,44.44,7.0,25.0,230.0,5.0,9.2,46.0,30.0,29.165714285714284
C Campher,Ireland,Finisher,,,,,6.0,6.0,126.0,25.2,163.64,47.62,4.0,8.0,75.0,2.0,9.38,37.5,24.0,34.0275
F Hand,Ireland,Bowler,,,,,3.0,3.0,12.0,4.0,109.09,66.67,3.0,5.0,56.0,1.0,11.2,56.0,30.0,30.55666666666667
GH Dockrell,Ireland,Batter,,,,,6.0,6.0,100.0,20.0,120.48,46.0,4.0,8.0,56.0,1.0,7.0,56.0,48.0,29.165
GJ Delany,Ireland,Batter,,,,,5.0,5.0,69.0,17.25,127.78,49.28,7.0,23.5,186.0,6.0,7.91,31.0,23.5,36.13857142857143
HT Tector,Ireland,Batter,,,,,6.0,6.0,68.0,11.33,90.67,32.35,0.0,0.0,0.0,0.0,0.0,0.0,0.0,0.0
J Little,Ireland,Bowler,,,,,4.0,4.0,16.0,8.0,76.19,62.5,7.0,27.0,196.0,11.0,7.26,17.82,14.73,40.08
L Tucker,Ireland,Top/Middle Order Batter,,,,,7.0,7.0,204.0,51.0,125.15,49.02,0.0,0.0,0.0,0.0,0.0,0.0,0.0,0.0
MR Adair,Ireland,Bowler,,,,,5.0,5.0,28.0,5.6,90.32,35.71,7.0,24.0,221.0,4.0,9.21,55.25,36.0,31.548571428571428
PR Stirling,Ireland,Opener,,,,,7.0,7.0,170.0,28.33,133.86,58.82,0.0,0.0,0.0,0.0,0.0,0.0,0.0,0.0
Simi Singh,Ireland,Bowler,,,,,2.0,2.0,7.0,7.0,77.78,57.14,4.0,9.0,78.0,3.0,8.67,26.0,18.0,25.695
B Shikongo,Namibia,Bowler,,,,,0.0,0.0,0.0,0.0,0.0,0.0,3.0,5.0,49.0,3.0,9.8,16.33,10.0,20.373333333333335
BM Scholtz,Namibia,Bowler,,,,,1.0,1.0,1.0,1.0,100.0,0.0,3.0,12.0,61.0,4.0,5.08,15.25,18.0,43.05666666666667
D Wiese,Namibia,Finisher,,,,,3.0,3.0,66.0,33.0,157.14,51.52,3.0,10.5,66.0,3.0,6.29,22.0,21.0,42.223333333333336
D la Cock,Namibia,Player,,,,,2.0,2.0,9.0,4.5,81.82,44.44,0.0,0.0,0.0,0.0,0.0,0.0,0.0,0.0
JJ Smit,Namibia,Bowler,,,,,3.0,3.0,39.0,39.0,169.57,61.54,3.0,11.0,79.0,3.0,7.18,26.33,22.0,40.74
JN Frylinck,Namibia,Batter,,,,,3.0,3.0,101.0,33.67,108.6,29.7,3.0,11.0,72.0,3.0,6.55,24.0,22.0,34.723333333333336
JN Loftie-Eaton,Namibia,Player,,,,,3.0,3.0,21.0,7.0,105.0,76.19,1.0,1.0,8.0,0.0,8.0,0.0,0.0,33.33
M van Lingen,Namibia,Player,,,,,3.0,3.0,33.0,11.0,100.0,48.48,0.0,0.0,0.0,0.0,0.0,0.0,0.0,0.0
MG Erasmus,Namibia,Batter,,,,,3.0,3.0,52.0,17.33,86.67,15.38,2.0,4.0,21.0,0.0,5.25,0.0,0.0,30.555
R Trumpelmann,Namibia,Player,,,,,1.0,1.0,25.0,25.0,104.17,40.0,1.0,4.0,22.0,0.0,5.5,0.0,0.0,41.67
SJ Baard,Namibia,Player,,,,,3.0,3.0,49.0,16.33,94.23,24.49,0.0,0.0,0.0,0.0,0.0,0.0,0.0,0.0
ZE Green,Namibia,Player,,,,,1.0,1.0,2.0,2.0,66.67,0.0,0.0,0.0,0.0,0.0,0.0,0.0,0.0,0.0
BD Glover,Netherlands,Bowler,,,,,0.0,0.0,0.0,0.0,0.0,0.0,3.0,8.83,61.0,7.0,6.91,8.71,7.57,50.98
BFW de Leede,Netherlands,Bowler,,,,,8.0,8.0,93.0,15.5,79.49,36.56,7.0,22.0,174.0,13.0,7.91,13.38,10.15,36.11
CN Ackermann,Netherlands,Top/Middle Order Batter,,,,,8.0,8.0,165.0,23.57,110.74,46.06,3.0,7.0,37.0,1.0,5.29,37.0,42.0,37.03333333333333
FJ Klaassen,Netherlands,Bowler,,,,,4.0,4.0,10.0,3.33,90.91,0.0,8.0,30.0,196.0,8.0,6.53,24.5,22.5,48.957499999999996
LV van Beek,Netherlands,Bowler,,,,,4.0,4.0,15.0,7.5,65.22,0.0,6.0,16.33,126.0,3.0,7.72,42.0,32.67,34.755
MP O'Dowd,Netherlands,Opener,,,,,8.0,8.0,242.0,34.57,112.56,56.2,0.0,0.0,0.0,0.0,0.0,0.0,0.0,0.0
PA van Meekeren,Netherlands,Bowler,,,,,3.0,3.0,45.0,22.5,166.67,66.67,8.0,31.0,204.0,11.0,6.58,18.55,16.91,42.535
RE van der Merwe,Netherlands,Bowler,,,,,4.0,4.0,5.0,2.5,41.67,0.0,6.0,11.0,75.0,2.0,6.82,37.5,33.0,29.63166666666667
SA Edwards,Netherlands,Batter,,,,,8.0,8.0,91.0,15.17,87.5,35.16,0.0,0.0,0.0,0.0,0.0,0.0,0.0,0.0
SJ Myburgh,Netherlands,Batter,,,,,3.0,3.0,51.0,17.0,106.25,74.51,0.0,0.0,0.0,0.0,0.0,0.0,0.0,0.0
Shariz Ahmad,Netherlands,Bowler,,,,,2.0,2.0,25.0,25.0,131.58,48.0,2.0,4.0,32.0,1.0,8.0,32.0,24.0,30.555
T van der Gugten,Netherlands,Bowler,,,,,1.0,1.0,0.0,0.0,0.0,0.0,2.0,6.0,61.0,1.0,10.17,61.0,36.0,16.67
TJG Pringle,Netherlands,Batter,,,,,6.0,6.0,51.0,12.75,87.93,19.61,6.0,17.0,108.0,3.0,6.35,36.0,34.0,31.02
TLW Cooper,Netherlands,Top/Middle Order Batter,,,,,7.0,7.0,107.0,15.29,103.88,42.99,0.0,0.0,0.0,0.0,0.0,0.0,0.0,0.0
Vikramjit Singh,Netherlands,Batter,,,,,5.0,5.0,57.0,11.4,91.94,56.14,0.0,0.0,0.0,0.0,0.0,0.0,0.0,0.0
DJ Mitchell,New Zealand,Batter,,,,,4.0,4.0,109.0,54.5,128.24,23.85,0.0,0.0,0.0,0.0,0.0,0.0,0.0,0.0
DP Conway,New Zealand,Top/Middle Order Batter,,,,,5.0,5.0,145.0,36.25,116.94,41.38,0.0,0.0,0.0,0.0,0.0,0.0,0.0,0.0
FH Allen,New Zealand,Finisher,,,,,5.0,5.0,95.0,19.0,186.27,77.89,0.0,0.0,0.0,0.0,0.0,0.0,0.0,0.0
GD Phillips,New Zealand,Top/Middle Order Batter,,,,,5.0,5.0,201.0,40.2,158.27,61.69,0.0,0.0,0.0,0.0,0.0,0.0,0.0,0.0
IS Sodhi,New Zealand,Bowler,,,,,2.0,2.0,7.0,7.0,100.0,0.0,5.0,19.33,133.0,6.0,6.88,22.17,19.33,35.166
JDS Neesham,New Zealand,Finisher,,,,,5.0,5.0,53.0,17.67,143.24,37.74,0.0,0.0,0.0,0.0,0.0,0.0,0.0,0.0
KS Williamson,New Zealand,Top/Middle Order Batter,,,,,5.0,5.0,178.0,35.6,116.34,41.57,0.0,0.0,0.0,0.0,0.0,0.0,0.0,0.0
LH Ferguson,New Zealand,Bowler,,,,,0.0,0.0,0.0,0.0,0.0,0.0,5.0,19.0,162.0,7.0,8.53,23.14,16.29,36.666
MJ Santner,New Zealand,Bowler,,,,,3.0,3.0,27.0,27.0,168.75,44.44,5.0,20.0,134.0,9.0,6.7,14.89,13.33,38.336
TA Boult,New Zealand,Bowler,,,,,0.0,0.0,0.0,0.0,0.0,0.0,5.0,20.0,151.0,8.0,7.55,18.88,15.0,44.166
TG Southee,New Zealand,Bowler,,,,,2.0,2.0,5.0,5.0,166.67,80.0,5.0,17.33,115.0,7.0,6.64,16.43,14.86,51.086
Asif Ali,Pakistan,Player,,,,,1.0,1.0,2.0,2.0,66.67,0.0,0.0,0.0,0.0,0.0,0.0,0.0,0.0,0.0
Babar Azam,Pakistan,Top/Middle Order Batter,,,,,7.0,7.0,124.0,17.71,93.23,41.94,0.0,0.0,0.0,0.0,0.0,0.0,0.0,0.0
Fakhar Zaman,Pakistan,Player,,,,,1.0,1.0,20.0,20.0,125.0,60.0,0.0,0.0,0.0,0.0,0.0,0.0,0.0,0.0
Haider Ali,Pakistan,Player,,,,,2.0,2.0,2.0,1.0,40.0,0.0,0.0,0.0,0.0,0.0,0.0,0.0,0.0,0.0
Haris Rauf,Pakistan,Bowler,,,,,3.0,3.0,10.0,10.0,142.86,60.0,7.0,26.0,187.0,8.0,7.19,23.38,19.5,40.08
Iftikhar Ahmed,Pakistan,Top/Middle Order Batter,,,,,6.0,6.0,114.0,22.8,122.58,56.14,2.0,3.83,29.0,1.0,7.57,29.0,23.0,22.22
Mohammad Haris,Pakistan,Finisher,,,,,4.0,4.0,97.0,24.25,144.78,61.86,0.0,0.0,0.0,0.0,0.0,0.0,0.0,0.0
Mohammad Nawaz,Pakistan,Batter,,,,,5.0,5.0,68.0,13.6,106.25,58.82,4.0,9.0,70.0,3.0,7.78,23.33,18.0,34.3775
Mohammad Rizwan,Pakistan,Opener,,,,,7.0,7.0,175.0,25.0,109.38,44.57,0.0,0.0,0.0,0.0,0.0,0.0,0.0,0.0
Mohammad Wasim,Pakistan,Bowler,,,,,3.0,3.0,16.0,8.0,72.73,50.0,6.0,17.0,129.0,8.0,7.59,16.12,12.75,34.48833333333334
Naseem Shah,Pakistan,Bowler,,,,,1.0,1.0,5.0,5.0,166.67,0.0,7.0,26.0,168.0,3.0,6.46,56.0,52.0,44.048571428571435
Shadab Khan,Pakistan,Bowler,,,,,5.0,5.0,98.0,24.5,168.97,59.18,7.0,26.0,165.0,11.0,6.35,15.0,14.18,38.09571428571429
Shaheen Shah Afridi,Pakistan,Bowler,,,,,3.0,3.0,22.0,11.0,183.33,63.64,7.0,25.17,158.0,11.0,6.28,14.36,13.73,44.582857142857144
Shan Masood,Pakistan,Top/Middle Order Batter,,,,,7.0,7.0,175.0,43.75,118.24,30.86,0.0,0.0,0.0,0.0,0.0,0.0,0.0,0.0
BTJ Wheal,Scotland,Bowler,,,,,0.0,0.0,0.0,0.0,0.0,0.0,3.0,12.0,85.0,4.0,7.08,21.25,18.0,43.05666666666667
CN Greaves,Scotland,Player,,,,,2.0,2.0,19.0,19.0,105.56,42.11,1.0,2.0,18.0,0.0,9.0,0.0,0.0,8.33
CS MacLeod,Scotland,Player,,,,,3.0,3.0,48.0,24.0,111.63,41.67,1.0,1.0,11.0,0.0,11.0,0.0,0.0,0.0
HG Munsey,Scotland,Opener,,,,,3.0,3.0,121.0,60.5,114.15,52.89,0.0,0.0,0.0,0.0,0.0,0.0,0.0,0.0
JH Davey,Scotland,Bowler,,,,,1.0,1.0,4.0,4.0,133.33,0.0,3.0,10.0,97.0,3.0,9.7,32.33,20.0,34.72
MA Jones,Scotland,Opener,,,,,3.0,3.0,110.0,36.67,142.86,58.18,0.0,0.0,0.0,0.0,0.0,0.0,0.0,0.0
MA Leask,Scotland,Bowler,,,,,3.0,3.0,33.0,16.5,117.86,48.48,3.0,10.0,69.0,4.0,6.9,17.25,15.0,22.22
MH Cross,Scotland,Player,,,,,3.0,3.0,32.0,10.67,96.97,62.5,0.0,0.0,0.0,0.0,0.0,0.0,0.0,0.0
MRJ Watt,Scotland,Bowler,,,,,0.0,0.0,0.0,0.0,0.0,0.0,3.0,12.0,72.0,5.0,6.0,14.4,14.4,45.833333333333336
RD Berrington,Scotland,Batter,,,,,3.0,3.0,66.0,22.0,117.86,36.36,0.0,0.0,0.0,0.0,0.0,0.0,0.0,0.0
SM Sharif,Scotland,Bowler,,,,,0.0,0.0,0.0,0.0,0.0,0.0,3.0,9.0,79.0,2.0,8.78,39.5,27.0,23.97
A Nortje,South Africa,Bowler,,,,,2.0,2.0,5.0,5.0,83.33,80.0,5.0,17.67,114.0,11.0,6.45,10.36,9.64,46.528000000000006
AK Markram,South Africa,Batter,,,,,4.0,4.0,99.0,24.75,125.32,58.59,2.0,3.0,21.0,1.0,7.0,21.0,18.0,20.835
DA Miller,South Africa,Batter,,,,,3.0,3.0,78.0,78.0,116.42,48.72,0.0,0.0,0.0,0.0,0.0,0.0,0.0,0.0
H Klaasen,South Africa,Player,,,,,2.0,2.0,36.0,18.0,133.33,50.0,0.0,0.0,0.0,0.0,0.0,0.0,0.0,0.0
K Rabada,South Africa,Bowler,,,,,2.0,2.0,10.0,10.0,100.0,0.0,5.0,16.0,156.0,2.0,9.75,78.0,48.0,33.61
KA Maharaj,South Africa,Bowler,,,,,1.0,1.0,13.0,13.0,108.33,46.15,4.0,12.0,90.0,3.0,7.5,30.0,24.0,28.82
L Ngidi,South Africa,Bowler,,,,,1.0,1.0,4.0,4.0,400.0,100.0,4.0,13.0,116.0,7.0,8.92,16.57,11.14,38.542500000000004
Q de Kock,South Africa,Opener,,,,,5.0,5.0,124.0,31.0,161.04,75.81,0.0,0.0,0.0,0.0,0.0,0.0,0.0,0.0
RR Rossouw,South Africa,Top/Middle Order Batter,,,,,4.0,4.0,141.0,35.25,169.88,63.83,0.0,0.0,0.0,0.0,0.0,0.0,0.0,0.0
T Bavuma,South Africa,Batter,,,,,5.0,5.0,70.0,17.5,112.9,51.43,0.0,0.0,0.0,0.0,0.0,0.0,0.0,0.0
T Shamsi,South Africa,Bowler,,,,,1.0,1.0,1.0,1.0,100.0,0.0,2.0,8.0,56.0,4.0,7.0,14.0,12.0,41.665
T Stubbs,South Africa,Player,,,,,3.0,3.0,31.0,10.33,100.0,45.16,0.0,0.0,0.0,0.0,0.0,0.0,0.0,0.0
WD Parnell,South Africa,Bowler,,,,,4.0,4.0,5.0,2.5,38.46,0.0,5.0,16.0,103.0,5.0,6.44,20.6,19.2,48.336
B Fernando,Sri Lanka,Bowler,,,,,0.0,0.0,0.0,0.0,0.0,0.0,3.0,8.83,68.0,2.0,7.7,34.0,26.5,34.443333333333335
BKG Mendis,Sri Lanka,Opener,,,,,7.0,7.0,198.0,33.0,153.49,57.58,0.0,0.0,0.0,0.0,0.0,0.0,0.0,0.0
C Karunaratne,Sri Lanka,Bowler,,,,,6.0,6.0,32.0,8.0,84.21,37.5,6.0,18.0,145.0,3.0,8.06,48.33,36.0,34.26166666666666
CAK Rajitha,Sri Lanka,Bowler,,,,,1.0,1.0,8.0,8.0,38.1,0.0,2.0,7.0,64.0,2.0,9.14,32.0,21.0,42.36
CBRLS Kumara,Sri Lanka,Bowler,,,,,1.0,1.0,4.0,4.0,80.0,100.0,5.0,16.17,132.0,5.0,8.16,26.4,19.4,43.618
DM de Silva,Sri Lanka,All-rounder,,,,,7.0,7.0,111.0,18.5,116.84,43.24,5.0,11.17,74.0,5.0,6.62,14.8,13.4,26.988
KIC Asalanka,Sri Lanka,Top/Middle Order Batter,,,,,6.0,6.0,112.0,28.0,117.89,39.29,1.0,1.0,8.0,0.0,8.0,0.0,0.0,16.67
M Theekshana,Sri Lanka,Bowler,,,,,2.0,2.0,11.0,11.0,78.57,54.55,7.0,26.17,172.0,9.0,6.57,19.11,17.44,41.24857142857143
MD Gunathilaka,Sri Lanka,Player,,,,,1.0,1.0,0.0,0.0,0.0,0.0,0.0,0.0,0.0,0.0,0.0,0.0,0.0,0.0
MD Shanaka,Sri Lanka,Batter,,,,,6.0,6.0,78.0,13.0,105.41,53.85,3.0,3.17,24.0,1.0,7.57,24.0,19.0,42.06333333333333
P Nissanka,Sri Lanka,Opener,,,,,6.0,6.0,204.0,34.0,109.68,45.1,0.0,0.0,0.0,0.0,0.0,0.0,0.0,0.0
PBB Rajapaksa,Sri Lanka,Top/Middle Order Batter,,,,,6.0,6.0,107.0,17.83,117.58,52.34,0.0,0.0,0.0,0.0,0.0,0.0,0.0,0.0
PM Liyanagamage,Sri Lanka,Bowler,,,,,1.0,1.0,1.0,1.0,100.0,0.0,2.0,7.0,51.0,3.0,7.29,17.0,14.0,45.835
PVD Chameera,Sri Lanka,Bowler,,,,,2.0,2.0,9.0,9.0,56.25,0.0,2.0,7.83,55.0,4.0,7.02,13.75,11.75,45.199999999999996
PWH de Silva,Sri Lanka,Bowler,,,,,6.0,6.0,25.0,5.0,73.53,32.0,7.0,27.0,186.0,12.0,6.89,15.5,13.5,36.902857142857144
A Sharafu,United Arab Emirates,Player,,,,,1.0,1.0,4.0,4.0,100.0,0.0,0.0,0.0,0.0,0.0,0.0,0.0,0.0,0.0
Aayan Afzal Khan,United Arab Emirates,Bowler,,,,,2.0,2.0,24.0,12.0,85.71,16.67,3.0,8.0,38.0,2.0,4.75,19.0,24.0,41.666666666666664
Ahmed Raza,United Arab Emirates,Player,,,,,0.0,0.0,0.0,0.0,0.0,0.0,1.0,1.0,9.0,0.0,9.0,0.0,0.0,16.67
Aryan Lakra,United Arab Emirates,Bowler,,,,,1.0,1.0,1.0,1.0,33.33,0.0,1.0,3.0,24.0,1.0,8.0,24.0,18.0,27.78
Basil Hameed,United Arab Emirates,Bowler,,,,,3.0,3.0,31.0,15.5,129.17,77.42,3.0,5.0,40.0,3.0,8.0,13.33,10.0,38.89
CP Rizwan,United Arab Emirates,Player,,,,,3.0,3.0,45.0,22.5,132.35,40.0,0.0,0.0,0.0,0.0,0.0,0.0,0.0,0.0
Chirag Suri,United Arab Emirates,Player,,,,,2.0,2.0,26.0,13.0,66.67,61.54,0.0,0.0,0.0,0.0,0.0,0.0,0.0,0.0
Junaid Siddique,United Arab Emirates,Bowler,,,,,2.0,2.0,18.0,18.0,105.88,55.56,3.0,12.0,99.0,4.0,8.25,24.75,18.0,34.723333333333336
KP Meiyappan,United Arab Emirates,Bowler,,,,,1.0,1.0,4.0,4.0,50.0,0.0,3.0,12.0,76.0,5.0,6.33,15.2,14.4,41.666666666666664
Kashif Daud,United Arab Emirates,Player,,,,,2.0,2.0,15.0,7.5,83.33,40.0,2.0,2.0,19.0,0.0,9.5,0.0,0.0,8.335
V Aravind,United Arab Emirates,Player,,,,,3.0,3.0,48.0,16.0,67.61,25.0,0.0,0.0,0.0,0.0,0.0,0.0,0.0,0.0
Waseem Muhammad,United Arab Emirates,Batter,,,,,3.0,3.0,93.0,31.0,101.09,40.86,1.0,2.0,16.0,1.0,8.0,16.0,12.0,25.0
Zahoor Khan,United Arab Emirates,Bowler,,,,,1.0,1.0,1.0,1.0,100.0,0.0,3.0,12.0,59.0,5.0,4.92,11.8,14.4,51.39000000000001
Zawar Farid,United Arab Emirates,Player,,,,,1.0,1.0,2.0,2.0,50.0,0.0,1.0,2.83,25.0,0.0,8.83,0.0,0.0,5.88
AJ Hosein,West Indies,Bowler,,,,,2.0,2.0,24.0,24.0,126.32,33.33,3.0,12.0,94.0,2.0,7.83,47.0,36.0,34.72
AS Joseph,West Indies,Bowler,,,,,1.0,1.0,0.0,0.0,0.0,0.0,3.0,12.0,85.0,6.0,7.08,14.17,12.0,44.446666666666665
BA King,West Indies,Batter,,,,,2.0,2.0,79.0,79.0,125.4,53.16,0.0,0.0,0.0,0.0,0.0,0.0,0.0,0.0
E Lewis,West Indies,Player,,,,,3.0,3.0,42.0,14.0,85.71,33.33,0.0,0.0,0.0,0.0,0.0,0.0,0.0,0.0
J Charles,West Indies,Batter,,,,,2.0,2.0,69.0,69.0,127.78,60.87,0.0,0.0,0.0,0.0,0.0,0.0,0.0,0.0
JO Holder,West Indies,Bowler,,,,,2.0,2.0,42.0,21.0,116.67,52.38,3.0,10.33,50.0,5.0,4.84,10.0,12.4,42.68666666666667
KR Mayers,West Indies,Player,,,,,3.0,3.0,34.0,11.33,113.33,76.47,2.0,3.0,43.0,0.0,14.33,0.0,0.0,33.33
N Pooran,West Indies,Player,,,,,3.0,3.0,25.0,8.33,86.21,24.0,0.0,0.0,0.0,0.0,0.0,0.0,0.0,0.0
OC McCoy,West Indies,Bowler,,,,,1.0,1.0,2.0,2.0,66.67,0.0,3.0,9.5,74.0,1.0,7.79,74.0,57.0,39.68
OF Smith,West Indies,Bowler,,,,,3.0,3.0,25.0,25.0,113.64,64.0,3.0,9.0,86.0,2.0,9.56,43.0,27.0,32.86666666666667
R Powell,West Indies,Player,,,,,3.0,3.0,39.0,13.0,111.43,51.28,0.0,0.0,0.0,0.0,0.0,0.0,0.0,0.0
SSJ Brooks,West Indies,Player,,,,,2.0,2.0,4.0,2.0,33.33,0.0,0.0,0.0,0.0,0.0,0.0,0.0,0.0,0.0
B Evans,Zimbabwe,Bowler,,,,,2.0,2.0,21.0,10.5,123.53,28.57,2.0,7.0,59.0,2.0,8.43,29.5,21.0,26.39
B Muzarabani,Zimbabwe,Bowler,,,,,4.0,4.0,2.0,2.0,16.67,0.0,7.0,26.0,220.0,12.0,8.46,18.33,13.0,42.26285714285715
CR Ervine,Zimbabwe,Top/Middle Order Batter,,,,,7.0,7.0,112.0,16.0,89.6,46.43,0.0,0.0,0.0,0.0,0.0,0.0,0.0,0.0
LM Jongwe,Zimbabwe,Batter,,,,,4.0,4.0,55.0,18.33,134.15,54.55,3.0,5.0,59.0,2.0,11.8,29.5,15.0,22.22
M Shumba,Zimbabwe,Batter,,,,,7.0,7.0,65.0,10.83,79.27,30.77,0.0,0.0,0.0,0.0,0.0,0.0,0.0,0.0
R Ngarava,Zimbabwe,Bowler,,,,,5.0,5.0,21.0,5.25,105.0,57.14,8.0,28.0,210.0,9.0,7.5,23.33,18.67,47.56875
RP Burl,Zimbabwe,Batter,,,,,7.0,7.0,101.0,25.25,104.12,55.45,3.0,5.0,48.0,0.0,9.6,0.0,0.0,14.816666666666668
RW Chakabva,Zimbabwe,Player,,,,,8.0,8.0,45.0,5.62,70.31,57.78,0.0,0.0,0.0,0.0,0.0,0.0,0.0,0.0
SC Williams,Zimbabwe,All-rounder,,,,,8.0,8.0,155.0,22.14,113.14,43.87,7.0,18.0,113.0,5.0,6.28,22.6,21.6,28.967142857142854
Sikandar Raza,Zimbabwe,All-rounder,,,,,8.0,8.0,219.0,27.38,147.97,59.36,8.0,24.0,157.0,10.0,6.54,15.7,14.4,27.085
T Munyonga,Zimbabwe,Player,,,,,2.0,2.0,7.0,3.5,70.0,57.14,0.0,0.0,0.0,0.0,0.0,0.0,0.0,0.0
TL Chatara,Zimbabwe,Bowler,,,,,3.0,3.0,13.0,6.5,68.42,30.77,7.0,23.0,161.0,4.0,7.0,40.25,34.5,32.93714285714286
W Madhevere,Zimbabwe,Opener,,,,,8.0,8.0,106.0,15.14,127.71,67.92,2.0,3.0,25.0,0.0,8.33,0.0,0.0,8.335
WP Masakadza,Zimbabwe,Player,,,,,1.0,1.0,1.0,1.0,14.29,0.0,1.0,2.0,12.0,0.0,6.0,0.0,0.0,41.67
